type,neighbours_same_type,chance,lift
ice,0.2975609756097561,0.045657015590200446,6.517311124330755
electric,0.38070175438596493,0.06347438752783964,5.997722376115728
fire,0.38591549295774646,0.07906458797327394,4.881015671493751
poison,0.25507246376811593,0.07683741648106904,3.319638731358958
fighting,0.21639344262295082,0.06792873051224944,3.185595270088686
rock,0.22,0.07238307349665925,3.0393846153846154
ghost,0.15098039215686274,0.05679287305122494,2.6584390618992693
grass,0.3121495327102804,0.11915367483296214,2.619722246484409
fairy,0.15,0.060133630289532294,2.4944444444444445
psychic,0.2311111111111111,0.10022271714922049,2.305975308641975
flying,0.25882352941176473,0.11358574610244988,2.278662053056517
water,0.3553191489361702,0.15701559020044542,2.26295457974951
dark,0.12727272727272726,0.061247216035634745,2.0780165289256196
steel,0.11851851851851852,0.060133630289532294,1.9709190672153636
ground,0.14477611940298507,0.07461024498886415,1.9404321675206058
dragon,0.11428571428571428,0.062360801781737196,1.8326530612244896
bug,0.1595238095238095,0.0935412026726058,1.7053854875283445
normal,0.21217391304347827,0.12806236080178174,1.6568015122873347
