type,precision,recall,f1-score,support
bug,0.2009132420091324,0.5238095238095238,0.29042904290429045,84.0
dark,0.13333333333333333,0.36363636363636365,0.1951219512195122,55.0
dragon,0.1125,0.32142857142857145,0.16666666666666666,56.0
electric,0.6197183098591549,0.7719298245614035,0.6875,57.0
fairy,0.1773049645390071,0.46296296296296297,0.2564102564102564,54.0
fighting,0.2565789473684211,0.639344262295082,0.36619718309859156,61.0
fire,0.6363636363636364,0.6901408450704225,0.6621621621621622,71.0
flying,0.3259668508287293,0.5784313725490197,0.4169611307420495,102.0
ghost,0.26666666666666666,0.5490196078431373,0.358974358974359,51.0
grass,0.4022346368715084,0.6728971962616822,0.5034965034965035,107.0
ground,0.25517241379310346,0.5522388059701493,0.3490566037735849,67.0
ice,0.5357142857142857,0.7317073170731707,0.6185567010309279,41.0
normal,0.22440944881889763,0.4956521739130435,0.3089430894308943,115.0
poison,0.2733333333333333,0.5942028985507246,0.3744292237442922,69.0
psychic,0.3220338983050847,0.6333333333333333,0.42696629213483145,90.0
rock,0.23780487804878048,0.6,0.3406113537117904,65.0
steel,0.24369747899159663,0.5370370370370371,0.3352601156069364,54.0
water,0.4787234042553192,0.6382978723404256,0.547112462006079,141.0
