,bug,dark,dragon,electric,fairy,fighting,fire,flying,ghost,grass,ground,ice,normal,poison,psychic,rock,steel,water
bug,1.0,-0.007,-0.014,0.102,-0.134,-0.193,-0.015,0.003,-0.17,0.22,0.04,-0.026,-0.085,0.4,-0.381,-0.016,-0.103,-0.128
dark,-0.007,1.0,0.052,-0.194,-0.057,0.208,-0.099,-0.079,0.025,0.019,-0.228,-0.151,0.188,0.297,-0.091,-0.119,-0.162,-0.051
dragon,-0.014,0.052,1.0,-0.216,-0.252,-0.092,-0.194,0.243,0.21,-0.03,0.048,-0.03,-0.113,0.025,-0.103,0.342,0.011,0.162
electric,0.102,-0.194,-0.216,1.0,0.037,-0.154,0.097,-0.1,-0.005,-0.165,-0.047,-0.026,-0.246,-0.08,0.092,-0.172,0.126,-0.278
fairy,-0.134,-0.057,-0.252,0.037,1.0,-0.101,0.042,-0.123,0.233,0.219,-0.41,-0.27,-0.105,-0.048,0.487,-0.429,-0.042,-0.385
fighting,-0.193,0.208,-0.092,-0.154,-0.101,1.0,0.11,-0.131,-0.141,-0.358,-0.059,-0.231,0.146,-0.105,-0.021,-0.035,0.25,-0.097
fire,-0.015,-0.099,-0.194,0.097,0.042,0.11,1.0,-0.119,-0.059,-0.112,-0.179,0.108,-0.254,-0.001,-0.099,-0.092,-0.077,-0.287
flying,0.003,-0.079,0.243,-0.1,-0.123,-0.131,-0.119,1.0,0.036,0.158,-0.035,-0.089,0.245,-0.072,-0.03,-0.225,-0.158,0.061
ghost,-0.17,0.025,0.21,-0.005,0.233,-0.141,-0.059,0.036,1.0,-0.088,-0.185,-0.205,-0.235,-0.17,0.481,0.075,0.157,-0.187
grass,0.22,0.019,-0.03,-0.165,0.219,-0.358,-0.112,0.158,-0.088,1.0,-0.138,-0.034,-0.007,0.191,-0.241,-0.173,-0.393,-0.159
ground,0.04,-0.228,0.048,-0.047,-0.41,-0.059,-0.179,-0.035,-0.185,-0.138,1.0,0.144,-0.142,-0.094,-0.335,0.492,0.177,0.256
ice,-0.026,-0.151,-0.03,-0.026,-0.27,-0.231,0.108,-0.089,-0.205,-0.034,0.144,1.0,-0.082,-0.238,-0.241,0.138,-0.115,0.135
normal,-0.085,0.188,-0.113,-0.246,-0.105,0.146,-0.254,0.245,-0.235,-0.007,-0.142,-0.082,1.0,-0.05,-0.025,-0.259,-0.216,-0.075
poison,0.4,0.297,0.025,-0.08,-0.048,-0.105,-0.001,-0.072,-0.17,0.191,-0.094,-0.238,-0.05,1.0,-0.308,-0.152,-0.312,0.058
psychic,-0.381,-0.091,-0.103,0.092,0.487,-0.021,-0.099,-0.03,0.481,-0.241,-0.335,-0.241,-0.025,-0.308,1.0,-0.26,0.237,-0.294
rock,-0.016,-0.119,0.342,-0.172,-0.429,-0.035,-0.092,-0.225,0.075,-0.173,0.492,0.138,-0.259,-0.152,-0.26,1.0,0.407,0.159
steel,-0.103,-0.162,0.011,0.126,-0.042,0.25,-0.077,-0.158,0.157,-0.393,0.177,-0.115,-0.216,-0.312,0.237,0.407,1.0,-0.208
water,-0.128,-0.051,0.162,-0.278,-0.385,-0.097,-0.287,0.061,-0.187,-0.159,0.256,0.135,-0.075,0.058,-0.294,0.159,-0.208,1.0
